ISO 3166-2 Code,Country,Subdivision,"2010",2011,2012,2013,2014,2015,2016,2017,2018,2019,2020
AR-C,Argentina,Ciudad Autónoma de Buenos Aires,"","","","","","","","","","",""
AR-B,Argentina,Buenos Aires,"","","","","","","","","","",""
AR-K,Argentina,Catamarca,"","","","","","","","","","",""
AR-H,Argentina,Chaco,"","","","","","","","","","",""
AR-U,Argentina,Chubut,"","","","","","","","","","",""
AR-X,Argentina,Córdoba,"","","","","","","","","","",""
AR-W,Argentina,Corrientes,"","","","","","","","","","",""
AR-E,Argentina,Entre Ríos,"","","","","","","","","","",""
AR-P,Argentina,Formosa,"","","","","","","","","","",""
AR-Y,Argentina,Jujuy,"","","","","","","","","","",""
AR-L,Argentina,La Pampa,"","","","","","","","","","",""
AR-F,Argentina,La Rioja,"","","","","","","","","","",""
AR-M,Argentina,Mendoza,"","","","","","","","","","",""
AR-N,Argentina,Misiones,"","","","","","","","","","",""
AR-Q,Argentina,Neuquén,"","","","","","","","","","",""
AR-R,Argentina,Río Negro,"","","","","","","","","","",""
AR-A,Argentina,Salta,"","","","","","","","","","",""
AR-J,Argentina,San Juan,"","","","","","","","","","",""
AR-D,Argentina,San Luis,"","","","","","","","","","",""
AR-Z,Argentina,Santa Cruz,"","","","","","","","","","",""
AR-S,Argentina,Santa Fe,"","","","","","","","","","",""
AR-G,Argentina,Santiago del Estero,"","","","","","","","","","",""
AR-V,Argentina,Tierra del Fuego,"","","","","","","","","","",""
AR-T,Argentina,Tucumán,"","","","","","","","","","",""
BO-C,Bolivia,Cochabamba,"","","","","","","","","","",""
BO-H,Bolivia,Chuquisaca,"","","","","","","","","","",""
BO-B,Bolivia,El Beni,"","","","","","","","","","",""
BO-L,Bolivia,La Paz,"","","","","","","","","","",""
BO-O,Bolivia,Oruro,"","","","","","","","","","",""
BO-N,Bolivia,Pando,"","","","","","","","","","",""
BO-P,Bolivia,Potosí,"","","","","","","","","","",""
BO-S,Bolivia,Santa Cruz,"","","","","","","","","","",""
BO-T,Bolivia,Tarija,"","","","","","","","","","",""
BR-AC,Brazil,Acre,"","","","","","","","","","",""
BR-AL,Brazil,Alagoas,"","","","","","","","","","",""
BR-AP,Brazil,Amapá,"","","","","","","","","","",""
BR-AM,Brazil,Amazonas,"","","","","","","","","","",""
BR-BA,Brazil,Bahia,"","","","","","","","","","",""
BR-CE,Brazil,Ceará,"","","","","","","","","","",""
BR-DF,Brazil,Distrito Federal,"","","","","","","","","","",""
BR-ES,Brazil,Espírito Santo,"","","","","","","","","","",""
BR-GO,Brazil,Goiás,"","","","","","","","","","",""
BR-MA,Brazil,Maranhão,"","","","","","","","","","",""
BR-MT,Brazil,Mato Grosso,"","","","","","","","","","",""
BR-MS,Brazil,Mato Grosso do Sul,"","","","","","","","","","",""
BR-MG,Brazil,Minas Gerais,"","","","","","","","","","",""
BR-PA,Brazil,Pará,"","","","","","","","","","",""
BR-PB,Brazil,Paraíba,"","","","","","","","","","",""
BR-PR,Brazil,Paraná,"","","","","","","","","","",""
BR-PE,Brazil,Pernambuco,"","","","","","","","","","",""
BR-PI,Brazil,Piauí,"","","","","","","","","","",""
BR-RJ,Brazil,Rio de Janeiro,"","","","","","","","","","",""
BR-RN,Brazil,Rio Grande do Norte,"","","","","","","","","","",""
BR-RS,Brazil,Rio Grande do Sul,"","","","","","","","","","",""
BR-RO,Brazil,Rondônia,"","","","","","","","","","",""
BR-RR,Brazil,Roraima,"","","","","","","","","","",""
BR-SC,Brazil,Santa Catarina,"","","","","","","","","","",""
BR-SP,Brazil,São Paulo,"","","","","","","","","","",""
BR-SE,Brazil,Sergipe,"","","","","","","","","","",""
BR-TO,Brazil,Tocantins,"","","","","","","","","","",""
CL-AI,Chile,Aisén del General Carlos Ibañez del Campo,"","","","","","","","","","",""
CL-AN,Chile,Antofagasta,"","","","","","","","","","",""
CL-AP,Chile,Arica y Parinacota,"","","","","","","","","","",""
CL-AR,Chile,La Araucanía,"","","","","","","","","","",""
CL-AT,Chile,Atacama,"","","","","","","","","","",""
CL-BI,Chile,Biobío,"","","","","","","","","","",""
CL-CO,Chile,Coquimbo,"","","","","","","","","","",""
CL-LI,Chile,Libertador General Bernardo O'Higgins,"","","","","","","","","","",""
CL-LL,Chile,Los Lagos,"","","","","","","","","","",""
CL-LR,Chile,Los Ríos,"","","","","","","","","","",""
CL-MA,Chile,Magallanes,"","","","","","","","","","",""
CL-ML,Chile,Maule,"","","","","","","","","","",""
CL-NB,Chile,Ñuble,"","","","","","","","","","",""
CL-RM,Chile,Región Metropolitana de Santiago,"","","","","","","","","","",""
CL-TA,Chile,Tarapacá,"","","","","","","","","","",""
CL-VS,Chile,Valparaíso,"","","","","","","","","","",""
CO-DC,Colombia,Distrito Capital de Bogotá,"","","","","","","","","","",""
CO-AMA,Colombia,Amazonas,"","","","","","","","","","",""
CO-ANT,Colombia,Antioquia,"","","","","","","","","","",""
CO-ARA,Colombia,Arauca,"","","","","","","","","","",""
CO-ATL,Colombia,Atlántico,"","","","","","","","","","",""
CO-BOL,Colombia,Bolívar,"","","","","","","","","","",""
CO-BOY,Colombia,Boyacá,"","","","","","","","","","",""
CO-CAL,Colombia,Caldas,"","","","","","","","","","",""
CO-CAQ,Colombia,Caquetá,"","","","","","","","","","",""
CO-CAS,Colombia,Casanare,"","","","","","","","","","",""
CO-CAU,Colombia,Cauca,"","","","","","","","","","",""
CO-CES,Colombia,Cesar,"","","","","","","","","","",""
CO-COR,Colombia,Córdoba,"","","","","","","","","","",""
CO-CUN,Colombia,Cundinamarca,"","","","","","","","","","",""
CO-CHO,Colombia,Chocó,"","","","","","","","","","",""
CO-GUA,Colombia,Guainía,"","","","","","","","","","",""
CO-GUV,Colombia,Guaviare,"","","","","","","","","","",""
CO-HUI,Colombia,Huila,"","","","","","","","","","",""
CO-LAG,Colombia,La Guajira,"","","","","","","","","","",""
CO-MAG,Colombia,Magdalena,"","","","","","","","","","",""
CO-MET,Colombia,Meta,"","","","","","","","","","",""
CO-NAR,Colombia,Nariño,"","","","","","","","","","",""
CO-NSA,Colombia,Norte de Santander,"","","","","","","","","","",""
CO-PUT,Colombia,Putumayo,"","","","","","","","","","",""
CO-QUI,Colombia,Quindío,"","","","","","","","","","",""
CO-RIS,Colombia,Risaralda,"","","","","","","","","","",""
CO-SAP,Colombia,San Andrés & Providencia y Santa Catalina,"","","","","","","","","","",""
CO-SAN,Colombia,Santander,"","","","","","","","","","",""
CO-SUC,Colombia,Sucre,"","","","","","","","","","",""
CO-TOL,Colombia,Tolima,"","","","","","","","","","",""
CO-VAC,Colombia,Valle del Cauca,"","","","","","","","","","",""
CO-VAU,Colombia,Vaupés,"","","","","","","","","","",""
CO-VID,Colombia,Vichada,"","","","","","","","","","",""
CR-A,Costa Rica,Alajuela,"","","","","","","","","","",""
CR-C,Costa Rica,Cartago,"","","","","","","","","","",""
CR-G,Costa Rica,Guanacaste,"","","","","","","","","","",""
CR-H,Costa Rica,Heredia,"","","","","","","","","","",""
CR-L,Costa Rica,Limón,"","","","","","","","","","",""
CR-P,Costa Rica,Puntarenas,"","","","","","","","","","",""
CR-SJ,Costa Rica,San José,"","","","","","","","","","",""
CU-15,Cuba,Artemisa,"","","","","","","","","","",""
CU-09,Cuba,Camagüey,"","","","","","","","","","",""
CU-08,Cuba,Ciego de Ávila,"","","","","","","","","","",""
CU-06,Cuba,Cienfuegos,"","","","","","","","","","",""
CU-12,Cuba,Granma,"","","","","","","","","","",""
CU-14,Cuba,Guantánamo,"","","","","","","","","","",""
CU-11,Cuba,Holguín,"","","","","","","","","","",""
CU-03,Cuba,La Habana,"","","","","","","","","","",""
CU-10,Cuba,Las Tunas,"","","","","","","","","","",""
CU-04,Cuba,Matanzas,"","","","","","","","","","",""
CU-16,Cuba,Mayabeque,"","","","","","","","","","",""
CU-01,Cuba,Pinar del Río,"","","","","","","","","","",""
CU-07,Cuba,Sancti Spíritus,"","","","","","","","","","",""
CU-13,Cuba,Santiago de Cuba,"","","","","","","","","","",""
CU-05,Cuba,Villa Clara,"","","","","","","","","","",""
CU-99,Cuba,Isla de la Juventud,"","","","","","","","","","",""
DO-01,Dominican Republic,Distrito Nacional (Santo Domingo),"","","","","","","","","","",""
DO-02,Dominican Republic,Azua,"","","","","","","","","","",""
DO-03,Dominican Republic,Baoruco,"","","","","","","","","","",""
DO-04,Dominican Republic,Barahona,"","","","","","","","","","",""
DO-05,Dominican Republic,Dajabón,"","","","","","","","","","",""
DO-06,Dominican Republic,Duarte,"","","","","","","","","","",""
DO-08,Dominican Republic,El Seibo,"","","","","","","","","","",""
DO-09,Dominican Republic,Espaillat,"","","","","","","","","","",""
DO-30,Dominican Republic,Hato Mayor,"","","","","","","","","","",""
DO-10,Dominican Republic,Independencia,"","","","","","","","","","",""
DO-11,Dominican Republic,La Altagracia,"","","","","","","","","","",""
DO-07,Dominican Republic,Elías Piña,"","","","","","","","","","",""
DO-12,Dominican Republic,La Romana,"","","","","","","","","","",""
DO-13,Dominican Republic,La Vega,"","","","","","","","","","",""
DO-14,Dominican Republic,María Trinidad Sánchez,"","","","","","","","","","",""
DO-28,Dominican Republic,Monseñor Nouel,"","","","","","","","","","",""
DO-15,Dominican Republic,Monte Cristi,"","","","","","","","","","",""
DO-29,Dominican Republic,Monte Plata,"","","","","","","","","","",""
DO-16,Dominican Republic,Pedernales,"","","","","","","","","","",""
DO-17,Dominican Republic,Peravia,"","","","","","","","","","",""
DO-18,Dominican Republic,Puerto Plata,"","","","","","","","","","",""
DO-19,Dominican Republic,Hermanas Mirabal,"","","","","","","","","","",""
DO-20,Dominican Republic,Samaná,"","","","","","","","","","",""
DO-21,Dominican Republic,San Cristóbal,"","","","","","","","","","",""
DO-31,Dominican Republic,San José de Ocoa,"","","","","","","","","","",""
DO-22,Dominican Republic,San Juan,"","","","","","","","","","",""
DO-23,Dominican Republic,San Pedro de Macorís,"","","","","","","","","","",""
DO-24,Dominican Republic,Sánchez Ramírez,"","","","","","","","","","",""
DO-25,Dominican Republic,Santiago,"","","","","","","","","","",""
DO-26,Dominican Republic,Santiago Rodríguez,"","","","","","","","","","",""
DO-32,Dominican Republic,Santo Domingo,"","","","","","","","","","",""
DO-27,Dominican Republic,Valverde,"","","","","","","","","","",""
EC-A,Ecuador,Azuay,"","","","","","","","","","",""
EC-B,Ecuador,Bolivar,"","","","","","","","","","",""
EC-F,Ecuador,Cañar,"","","","","","","","","","",""
EC-C,Ecuador,Carchi,"","","","","","","","","","",""
EC-H,Ecuador,Chimborazo,"","","","","","","","","","",""
EC-X,Ecuador,Cotopaxi,"","","","","","","","","","",""
EC-O,Ecuador,El Oro,"","","","","","","","","","",""
EC-E,Ecuador,Esmeraldas,"","","","","","","","","","",""
EC-W,Ecuador,Galapagos,"","","","","","","","","","",""
EC-G,Ecuador,Guayas,"","","","","","","","","","",""
EC-I,Ecuador,Imbabura,"","","","","","","","","","",""
EC-L,Ecuador,Loja,"","","","","","","","","","",""
EC-R,Ecuador,Los Rios,"","","","","","","","","","",""
EC-M,Ecuador,Manabi,"","","","","","","","","","",""
EC-S,Ecuador,Morona Santiago,"","","","","","","","","","",""
EC-N,Ecuador,Napo,"","","","","","","","","","",""
EC-D,Ecuador,Orellana,"","","","","","","","","","",""
EC-Y,Ecuador,Pastaza,"","","","","","","","","","",""
EC-P,Ecuador,Pichincha,"","","","","","","","","","",""
EC-SE,Ecuador,Santa Elena,"","","","","","","","","","",""
EC-SD,Ecuador,Santo Domingo,"","","","","","","","","","",""
EC-U,Ecuador,Sucumbios,"","","","","","","","","","",""
EC-T,Ecuador,Tungurahua,"","","","","","","","","","",""
EC-Z,Ecuador,Zamora Chinchipe,"","","","","","","","","","",""
SV-AH,El Salvador,Ahuachapán,"","","","","","","","","","",""
SV-CA,El Salvador,Cabañas,"","","","","","","","","","",""
SV-CH,El Salvador,Chalatenango,"","","","","","","","","","",""
SV-CU,El Salvador,Cuscatlán,"","","","","","","","","","",""
SV-LI,El Salvador,La Libertad,"","","","","","","","","","",""
SV-PA,El Salvador,La Paz,"","","","","","","","","","",""
SV-UN,El Salvador,La Unión,"","","","","","","","","","",""
SV-MO,El Salvador,Morazán,"","","","","","","","","","",""
SV-SM,El Salvador,San Miguel,"","","","","","","","","","",""
SV-SS,El Salvador,San Salvador,"","","","","","","","","","",""
SV-SV,El Salvador,San Vicente,"","","","","","","","","","",""
SV-SA,El Salvador,Santa Ana,"","","","","","","","","","",""
SV-SO,El Salvador,Sonsonate,"","","","","","","","","","",""
SV-US,El Salvador,Usulután,"","","","","","","","","","",""
FR-GF,France,Guyane,"","","","","","","","","","",""
FR-GP,France,Guadeloupe,"","","","","","","","","","",""
FR-MQ,France,Martinique,"","","","","","","","","","",""
FR-MF,France,Saint-Martin,"","","","","","","","","","",""
FR-BL,France,Saint-Barthélemy,"","","","","","","","","","",""
FR-PM,France,Saint-Pierre-et-Miquelon,"","","","","","","","","","",""
GT-AV,Guatemala,Alta Verapaz,"","","","","","","","","","",""
GT-BV,Guatemala,Baja Verapaz,"","","","","","","","","","",""
GT-CM,Guatemala,Chimaltenango,"","","","","","","","","","",""
GT-CQ,Guatemala,Chiquimula,"","","","","","","","","","",""
GT-PR,Guatemala,El Progreso,"","","","","","","","","","",""
GT-ES,Guatemala,Escuintla,"","","","","","","","","","",""
GT-GU,Guatemala,Guatemala,"","","","","","","","","","",""
GT-HU,Guatemala,Huehuetenango,"","","","","","","","","","",""
GT-IZ,Guatemala,Izabal,"","","","","","","","","","",""
GT-JA,Guatemala,Jalapa,"","","","","","","","","","",""
GT-JU,Guatemala,Jutiapa,"","","","","","","","","","",""
GT-PE,Guatemala,Petén,"","","","","","","","","","",""
GT-QZ,Guatemala,Quetzaltenango,"","","","","","","","","","",""
GT-QC,Guatemala,Quiché,"","","","","","","","","","",""
GT-RE,Guatemala,Retalhuleu,"","","","","","","","","","",""
GT-SA,Guatemala,Sacatepéquez,"","","","","","","","","","",""
GT-SM,Guatemala,San Marcos,"","","","","","","","","","",""
GT-SR,Guatemala,Santa Rosa,"","","","","","","","","","",""
GT-SO,Guatemala,Sololá,"","","","","","","","","","",""
GT-SU,Guatemala,Suchitepéquez,"","","","","","","","","","",""
GT-TO,Guatemala,Totonicapán,"","","","","","","","","","",""
GT-ZA,Guatemala,Zacapa,"","","","","","","","","","",""
HT-AR,Haiti,Artibonite,"","","","","","","","","","",""
HT-CE,Haiti,Centre,"","","","","","","","","","",""
HT-GA,Haiti,Grande’Anse,"","","","","","","","","","",""
HT-NI,Haiti,Nippes,"","","","","","","","","","",""
HT-ND,Haiti,Nord,"","","","","","","","","","",""
HT-NE,Haiti,Nord-Est,"","","","","","","","","","",""
HT-NO,Haiti,Nord-Ouest,"","","","","","","","","","",""
HT-OU,Haiti,Ouest,"","","","","","","","","","",""
HT-SD,Haiti,Sud,"","","","","","","","","","",""
HT-SE,Haiti,Sud-Est,"","","","","","","","","","",""
HN-AT,Honduras,Atlántida,"","","","","","","","","","",""
HN-CH,Honduras,Choluteca,"","","","","","","","","","",""
HN-CL,Honduras,Colón,"","","","","","","","","","",""
HN-CM,Honduras,Comayagua,"","","","","","","","","","",""
HN-CP,Honduras,Copán,"","","","","","","","","","",""
HN-CR,Honduras,Cortés,"","","","","","","","","","",""
HN-EP,Honduras,El Paraíso,"","","","","","","","","","",""
HN-FM,Honduras,Francisco Morazán,"","","","","","","","","","",""
HN-GD,Honduras,Gracias a Dios,"","","","","","","","","","",""
HN-IN,Honduras,Intibucá,"","","","","","","","","","",""
HN-IB,Honduras,Islas de la Bahía,"","","","","","","","","","",""
HN-LP,Honduras,La Paz,"","","","","","","","","","",""
HN-LE,Honduras,Lempira,"","","","","","","","","","",""
HN-OC,Honduras,Ocotepeque,"","","","","","","","","","",""
HN-OL,Honduras,Olancho,"","","","","","","","","","",""
HN-SB,Honduras,Santa Bárbara,"","","","","","","","","","",""
HN-VA,Honduras,Valle,"","","","","","","","","","",""
HN-YO,Honduras,Yoro,"","","","","","","","","","",""
MX-CMX,Mexico,Ciudad de México,"","","","","","","","","","",""
MX-AGU,Mexico,Aguascalientes,"","","","","","","","","","",""
MX-BCN,Mexico,Baja California,"","","","","","","","","","",""
MX-BCS,Mexico,Baja California Sur,"","","","","","","","","","",""
MX-CAM,Mexico,Campeche,"","","","","","","","","","",""
MX-COA,Mexico,Coahuila de Zaragoza,"","","","","","","","","","",""
MX-COL,Mexico,Colima,"","","","","","","","","","",""
MX-CHP,Mexico,Chiapas,"","","","","","","","","","",""
MX-CHH,Mexico,Chihuahua,"","","","","","","","","","",""
MX-DUR,Mexico,Durango,"","","","","","","","","","",""
MX-GUA,Mexico,Guanajuato,"","","","","","","","","","",""
MX-GRO,Mexico,Guerrero,"","","","","","","","","","",""
MX-HID,Mexico,Hidalgo,"","","","","","","","","","",""
MX-JAL,Mexico,Jalisco,"","","","","","","","","","",""
MX-MEX,Mexico,México,"","","","","","","","","","",""
MX-MIC,Mexico,Michoacán de Ocampo,"","","","","","","","","","",""
MX-MOR,Mexico,Morelos,"","","","","","","","","","",""
MX-NAY,Mexico,Nayarit,"","","","","","","","","","",""
MX-NLE,Mexico,Nuevo León,"","","","","","","","","","",""
MX-OAX,Mexico,Oaxaca,"","","","","","","","","","",""
MX-PUE,Mexico,Puebla,"","","","","","","","","","",""
MX-QUE,Mexico,Querétaro,"","","","","","","","","","",""
MX-ROO,Mexico,Quintana Roo,"","","","","","","","","","",""
MX-SLP,Mexico,San Luis Potosí,"","","","","","","","","","",""
MX-SIN,Mexico,Sinaloa,"","","","","","","","","","",""
MX-SON,Mexico,Sonora,"","","","","","","","","","",""
MX-TAB,Mexico,Tabasco,"","","","","","","","","","",""
MX-TAM,Mexico,Tamaulipas,"","","","","","","","","","",""
MX-TLA,Mexico,Tlaxcala,"","","","","","","","","","",""
MX-VER,Mexico,Veracruz de Ignacio de la Llave,"","","","","","","","","","",""
MX-YUC,Mexico,Yucatán,"","","","","","","","","","",""
MX-ZAC,Mexico,Zacatecas,"","","","","","","","","","",""
NI-BO,Nicaragua,Boaco,"","","","","","","","","","",""
NI-CA,Nicaragua,Carazo,"","","","","","","","","","",""
NI-CI,Nicaragua,Chinandega,"","","","","","","","","","",""
NI-CO,Nicaragua,Chontales,"","","","","","","","","","",""
NI-ES,Nicaragua,Estelí,"","","","","","","","","","",""
NI-GR,Nicaragua,Granada,"","","","","","","","","","",""
NI-JI,Nicaragua,Jinotega,"","","","","","","","","","",""
NI-LE,Nicaragua,León,"","","","","","","","","","",""
NI-MD,Nicaragua,Madriz,"","","","","","","","","","",""
NI-MN,Nicaragua,Managua,"","","","","","","","","","",""
NI-MS,Nicaragua,Masaya,"","","","","","","","","","",""
NI-MT,Nicaragua,Matagalpa,"","","","","","","","","","",""
NI-NS,Nicaragua,Nueva Segovia,"","","","","","","","","","",""
NI-SJ,Nicaragua,Río San Juan,"","","","","","","","","","",""
NI-RI,Nicaragua,Rivas,"","","","","","","","","","",""
NI-AN,Nicaragua,Costa Caribe Norte,"","","","","","","","","","",""
NI-AS,Nicaragua,Costa Caribe Sur,"","","","","","","","","","",""
PA-1,Panama,Bocas del Toro,"","","","","","","","","","",""
PA-4,Panama,Chiriquí,"","","","","","","","","","",""
PA-2,Panama,Coclé,"","","","","","","","","","",""
PA-3,Panama,Colón,"","","","","","","","","","",""
PA-5,Panama,Darién,"","","","","","","","","","",""
PA-EM,Panama,Emberá,"","","","","","","","","","",""
PA-KY,Panama,Guna Yala,"","","","","","","","","","",""
PA-6,Panama,Herrera,"","","","","","","","","","",""
PA-7,Panama,Los Santos,"","","","","","","","","","",""
PA-NB,Panama,Ngöbe-Buglé,"","","","","","","","","","",""
PA-8,Panama,Panamá,"","","","","","","","","","",""
PA-10,Panama,Panamá Oeste,"","","","","","","","","","",""
PA-9,Panama,Veraguas,"","","","","","","","","","",""
PY-ASU,Paraguay,Asunción,"","","","","","","","","","",""
PY-16,Paraguay,Alto Paraguay,"","","","","","","","","","",""
PY-10,Paraguay,Alto Paraná,"","","","","","","","","","",""
PY-13,Paraguay,Amambay,"","","","","","","","","","",""
PY-19,Paraguay,Boquerón,"","","","","","","","","","",""
PY-5,Paraguay,Caaguazú,"","","","","","","","","","",""
PY-6,Paraguay,Caazapá,"","","","","","","","","","",""
PY-14,Paraguay,Canindeyú,"","","","","","","","","","",""
PY-11,Paraguay,Central,"","","","","","","","","","",""
PY-1,Paraguay,Concepción,"","","","","","","","","","",""
PY-3,Paraguay,Cordillera,"","","","","","","","","","",""
PY-4,Paraguay,Guairá,"","","","","","","","","","",""
PY-7,Paraguay,Itapúa,"","","","","","","","","","",""
PY-8,Paraguay,Misiones,"","","","","","","","","","",""
PY-12,Paraguay,Ñeembucú,"","","","","","","","","","",""
PY-9,Paraguay,Paraguarí,"","","","","","","","","","",""
PY-15,Paraguay,Presidente Hayes,"","","","","","","","","","",""
PY-2,Paraguay,San Pedro,"","","","","","","","","","",""
PE-AMA,Peru,Amazonas,"","","","","","","",1.01612903226,"","",""
PE-ANC,Peru,Ancash,"","","","","","","",0.97238658777,"","",""
PE-APU,Peru,Apurímac,"","","","","","","",0.98019801980,"","",""
PE-ARE,Peru,Arequipa,"","","","","","","",0.96078431373,"","",""
PE-AYA,Peru,Ayacucho,"","","","","","","",0.97628458498,"","",""
PE-CAJ,Peru,Cajamarca,"","","","","","","",0.96078431373,"","",""
PE-CUS,Peru,Cusco,"","","","","","","",0.98019801980,"","",""
PE-CAL,Peru,El Callao,"","","","","","","",0.95312500000,"","",""
PE-HUV,Peru,Huancavelica,"","","","","","","",0.94552529183,"","",""
PE-HUC,Peru,Huánuco,"","","","","","","",0.98019801980,"","",""
PE-ICA,Peru,Ica,"","","","","","","",0.97238658777,"","",""
PE-JUN,Peru,Junín,"","","","","","","",0.95694716243,"","",""
PE-LAL,Peru,La Libertad,"","","","","","","",0.95312500000,"","",""
PE-LAM,Peru,Lambayeque,"","","","","","","",0.94174757282,"","",""
PE-LIM,Peru,Lima,"","","","","","","",0.95312500000,"","",""
PE-LOR,Peru,Loreto,"","","","","","","",1.00803212851,"","",""
PE-MDD,Peru,Madre de Dios,"","","","","","","",1.09643605870,"","",""
PE-MOQ,Peru,Moquegua,"","","","","","","",1.01612903226,"","",""
PE-PAS,Peru,Pasco,"","","","","","","",1.01612903226,"","",""
PE-PIU,Peru,Piura,"","","","","","","",0.98019801980,"","",""
PE-PUN,Peru,Puno,"","","","","","","",0.97238658777,"","",""
PE-SAM,Peru,San Martín,"","","","","","","",1.04081632653,"","",""
PE-TAC,Peru,Tacna,"","","","","","","",0.98807157058,"","",""
PE-TUM,Peru,Tumbes,"","","","","","","",1.02020202020,"","",""
PE-UCA,Peru,Ucayali,"","","","","","","",1.02020202020,"","",""
US-PR,United States,Puerto Rico,"","","","","","","","","","",""
UY-AR,Uruguay,Artigas,"","","","","","","","","","",""
UY-CA,Uruguay,Canelones,"","","","","","","","","","",""
UY-CL,Uruguay,Cerro Largo,"","","","","","","","","","",""
UY-CO,Uruguay,Colonia,"","","","","","","","","","",""
UY-DU,Uruguay,Durazno,"","","","","","","","","","",""
UY-FS,Uruguay,Flores,"","","","","","","","","","",""
UY-FD,Uruguay,Florida,"","","","","","","","","","",""
UY-LA,Uruguay,Lavalleja,"","","","","","","","","","",""
UY-MA,Uruguay,Maldonado,"","","","","","","","","","",""
UY-MO,Uruguay,Montevideo,"","","","","","","","","","",""
UY-PA,Uruguay,Paysandú,"","","","","","","","","","",""
UY-RN,Uruguay,Río Negro,"","","","","","","","","","",""
UY-RV,Uruguay,Rivera,"","","","","","","","","","",""
UY-RO,Uruguay,Rocha,"","","","","","","","","","",""
UY-SA,Uruguay,Salto,"","","","","","","","","","",""
UY-SJ,Uruguay,San José,"","","","","","","","","","",""
UY-SO,Uruguay,Soriano,"","","","","","","","","","",""
UY-TA,Uruguay,Tacuarembó,"","","","","","","","","","",""
UY-TT,Uruguay,Treinta y Tres,"","","","","","","","","","",""
VE-W,Venezuela,Dependencias Federales,"","","","","","","","","","",""
VE-A,Venezuela,Distrito Capital,"","","","","","","","","","",""
VE-Z,Venezuela,Amazonas,"","","","","","","","","","",""
VE-B,Venezuela,Anzoátegui,"","","","","","","","","","",""
VE-C,Venezuela,Apure,"","","","","","","","","","",""
VE-D,Venezuela,Aragua,"","","","","","","","","","",""
VE-E,Venezuela,Barinas,"","","","","","","","","","",""
VE-F,Venezuela,Bolívar,"","","","","","","","","","",""
VE-G,Venezuela,Carabobo,"","","","","","","","","","",""
VE-H,Venezuela,Cojedes,"","","","","","","","","","",""
VE-Y,Venezuela,Delta Amacuro,"","","","","","","","","","",""
VE-I,Venezuela,Falcón,"","","","","","","","","","",""
VE-J,Venezuela,Guárico,"","","","","","","","","","",""
VE-K,Venezuela,Lara,"","","","","","","","","","",""
VE-L,Venezuela,Mérida,"","","","","","","","","","",""
VE-M,Venezuela,Miranda,"","","","","","","","","","",""
VE-N,Venezuela,Monagas,"","","","","","","","","","",""
VE-O,Venezuela,Nueva Esparta,"","","","","","","","","","",""
VE-P,Venezuela,Portuguesa,"","","","","","","","","","",""
VE-R,Venezuela,Sucre,"","","","","","","","","","",""
VE-S,Venezuela,Táchira,"","","","","","","","","","",""
VE-T,Venezuela,Trujillo,"","","","","","","","","","",""
VE-X,Venezuela,Vargas,"","","","","","","","","","",""
VE-U,Venezuela,Yaracuy,"","","","","","","","","","",""
VE-V,Venezuela,Zulia,"","","","","","","","","","",""